{"cameraMode":{"drawMode":0,"name":"Shaded","section":"Shading Mode"},"sceneLighting":false,"audioPlay":false,"sceneViewState":{"showFog":true,"showMaterialUpdate":false,"showSkybox":true,"showFlares":true,"showImageEffects":true,"showParticleSystems":true},"in2DMode":false,"pivot":{"x":4.608946323394775,"y":0.97794508934021,"z":-0.033871740102767947},"rotation":{"x":0.00038916547782719135,"y":0.9763714671134949,"z":-0.21609124541282655,"w":0.0017583697335794569},"size":2.9570541381835939,"orthographic":false}