{"cameraMode":{"drawMode":0,"name":"Shaded","section":"Shading Mode"},"sceneLighting":false,"audioPlay":false,"sceneViewState":{"showFog":true,"showMaterialUpdate":false,"showSkybox":true,"showFlares":true,"showImageEffects":true,"showParticleSystems":true},"in2DMode":false,"pivot":{"x":3.415797233581543,"y":0.5293565988540649,"z":-1.3015797138214112},"rotation":{"x":-0.10574707388877869,"y":-0.5361093878746033,"z":0.06791304051876068,"w":-0.8347446918487549},"size":5.511548042297363,"orthographic":false}