{"cameraMode":{"drawMode":0,"name":"Shaded","section":"Shading Mode"},"sceneLighting":false,"audioPlay":false,"sceneViewState":{"showFog":true,"showMaterialUpdate":false,"showSkybox":false,"showFlares":true,"showImageEffects":true,"showParticleSystems":true},"in2DMode":false,"pivot":{"x":-0.09185825288295746,"y":0.8899999856948853,"z":-4.179999828338623},"rotation":{"x":-0.18172015249729157,"y":-0.786026656627655,"z":0.2724071145057678,"w":-0.524347722530365},"size":1.2247449159622193,"orthographic":false}